id,name,description,country,phoneNumber
1,john doe,software engineer with 5 years experience,tunisia,54805409
2,jane smith,data analyst specializing in business intelligence,france,064805409
3,bob johnson,project manager for agile teams,tunisia,93041850
4,alice williams,frontend developer expert in react,tunisia,93041850
5,charlie brown,backend developer working with java,tunisia,93041850
6,diana prince,devops engineer managing cloud infrastructure,tunisia,93041850
7,edward stark,mobile app developer for ios and android,tunisia,93041850
8,fiona green,ux designer creating user experiences,tunisia,93041850
9,george martin,quality assurance tester automation specialist,tunisia,93041850
10,hannah lee,database administrator with oracle expertise,tunisia,93041850
11,ian fox,security analyst focusing on cyber threats,italy,053041850
12,julia roberts,technical writer for api documentation,algeria,93041850
13,kevin hart,scrum master facilitating team collaboration,tunisia,93041850
14,laura palmer,business analyst gathering requirements,tunisia,93041850
15,michael scott,sales manager handling enterprise clients,tunisia,93041850
16,iheb ali,software engineer with 5 years experience,tunisia,54805409
